car_id,target_reg
P17494612l,45.54346954938163
N-1530212S,33.37267590810581
B-1154399t,32.60166878587026
F12725233R,35.78842158555618
l-1139189J,32.80858886368367
U75286923j,45.5762248746861
T-7479831o,34.71557145720663
B-1369793u,34.36883871529818
Y-1289786X,54.74925209791905
C29045893T,32.35846700849818
v-1730983R,31.348491505528774
I20727212Q,49.20912905809175
p48812438h,47.112989685010575
T-2633971l,46.173869075409534
V-9683916q,49.89183529558951
P68488505Z,35.396454907840656
W23907639f,75.50797428033823
A22674788w,35.40278959719406
y-1252277z,44.4314054519123
u21168983D,43.05229242636418
x12753662A,45.6225072626936
v-7435255a,44.653639029789744
E12421362P,39.18642104709163
J35738918W,32.72499154419262
T16973122B,45.37665610049091
p-5671458M,50.929814420974445
I68086031c,66.0644883283164
D69722395r,49.936270710052725
X10967418c,66.45114369269912
q-1489273f,37.89214115892687
C-1903701S,63.225289724485094
r11820515d,38.59879146247748
x12397432S,39.37865743820442
Q50389908q,57.88285436556677
B18597537S,32.95690328231342
S-9537522o,70.79134951823931
a10623296X,41.73509187813588
R28123139u,41.76088681934086
h-1451730v,33.199048407283314
d-1257449w,39.645589744468836
N11419190t,31.666383243734124
k63904133P,74.8634367670895
J92413639E,37.31185708046194
b-3875784F,68.94860364229683
f15183722K,34.79907592863647
c-1874297z,71.7383570673272
E16971328N,40.39132253803342
H18110876A,71.87629013889921
P-1301418D,49.23748874164921
b-9697936F,31.56702672812155
H-4258275m,35.25205948680622
H10655858l,35.048997094156945
w-1481290E,39.02543009430634
C40885722w,32.33112743203493
f15625319Q,51.273482085721504
B42019578p,43.45695666799356
T65731704H,48.10808876044278
e30424190o,68.49561985658815
w-1081221i,44.6123670784957
E48110445u,31.741557880904658
u73256394H,51.53336077487089
m17237645h,33.640610772308236
q-1403429B,79.5514777450002
E-1889080W,47.34692223883469
b-1781291I,47.34388470090432
P77959737c,46.41201825467612
h17474551u,79.74155809654312
d17705773B,71.29816220687977
s-2080909j,52.8673902466197
N18448941g,30.335667271375637
P17953716g,49.92257386345824
i94781425U,40.79832586936304
L-2155385D,50.95047705576706
Q21449479D,32.15317953165
z-1790906x,47.50735523517203
C-4338027c,70.4858225775759
F13621020y,32.82835986174371
P-1981563m,72.38788838555601
B20284663C,72.98854966605181
X-5672837D,34.43559719434965
f-8313064a,33.42381671541402
S16867324D,45.52578312649355
l81011564d,51.69099630288342
T-7878324V,31.177598301149025
X49290901c,34.18162909178109
N15373595s,50.26329074844509
g-1912309G,29.553923101915373
G23848056z,41.85621197100273
w-3530598y,33.52107639682954
s-4092655x,73.85999112296155
v60921451s,41.16242243833179
A-5309696c,75.10288499650824
a21437857o,33.829395465171984
r-2049651S,39.19471348366578
c48174687o,71.3243191832716
n57986901A,44.33704061441211
J43552505w,30.67113676238827
X69815445k,53.90528452614245
Y31463755z,42.10612434790908
C-1846243L,32.063476193047194
z10378875g,33.17382943036114
B-1843237q,32.05757044815232
I-8201538D,33.10496590441582
k-7853395L,54.33615870712025
H-3154020d,42.301713406252574
v11532085a,37.32432515395157
o-1004837T,47.3956222859326
E15850759P,76.10323409849349
S11046237d,31.301093769113095
i19615927E,33.050889615360035
h24674210l,36.63459424282375
j-1003273K,69.95584698234049
i18120580r,41.59642306461657
t35781257E,47.174073995825395
S-7977049s,43.18683132184961
H10411834F,42.521987489836754
o29701218V,31.65684249742472
E-1304820y,32.458327864139356
V56226787D,39.146954316075856
I-9571675o,33.47346931427251
a-1832317K,31.73494315144281
H-9271579x,44.047248296749274
H15689477U,71.69725642694598
J-8699353u,42.331970442896115
S-6497022N,32.05087411788489
g11521087z,44.76642334733037
Q-1114187O,34.71101510909908
a-1510716r,31.042988756184556
G12673775u,66.48163916593379
V-1604890W,35.715204532094745
o-8858693p,32.975510692265445
F84870593a,34.38634593161139
j17532274g,50.43145822945584
l-1283385g,33.804225312511704
s-2062095H,34.06296468706068
X13157100E,32.74566972557999
h-2273764e,47.83521212663276
B-2140476J,46.6183737600994
p-8263041e,39.12038327821518
Y-1681893d,51.396455803664885
w-1017091K,32.38422710361071
M-1236720D,46.04349564040364
I-7194770x,31.228841792327046
m13987388S,38.23111130210934
w17315089Z,38.43256570891506
f-1380237E,35.64215561240029
P10499796W,41.72977067374768
l-1844181l,52.751939910659125
g13957568L,48.56565992928015
R-5598576l,45.30086826305603
n59321309Q,33.49651885814191
R-1193631X,33.80298340341338
y-2178923H,31.600513247726074
m73284992F,37.644671855127164
Z-2537370X,73.05508630178903
t17276860j,49.0319895062094
y33047270r,32.68774878053863
b-9079908N,74.62011667587515
q92579907V,42.25715334940183
Z94669875T,48.1508339567752
M86375856k,53.099629737194924
c23067621B,30.55375244182477
L-1838617u,44.89335906531189
s-1063517N,32.762966405722246
x-1172003m,77.98687602456062
Q10654514V,37.67982681273129
A-3425095J,38.717355227932714
F-1854480x,50.69623874758065
C-1953190j,31.190029592847356
l41267361i,44.21778979261119
N90091958O,37.64664584046045
z20306091J,44.774441601472034
F94970727I,50.20319630974776
M14830267a,38.48606414366279
i-1101173g,36.72049402363538
l-7821340d,46.88983702819806
I18827052n,34.878520330330375
Z14111948t,44.31657324499564
T17415608q,69.18606316778721
R-1068057n,31.40329277851639
K-8915465U,30.735625325668984
f-2804472s,45.45497991121975
v-1578970y,44.05993831176556
Q14003835G,46.09761328806521
W14646068A,71.91058133828489
o-1593719v,43.948188296108306
C-4941408C,48.85512960163635
x-9374675c,45.96881278765767
l12294446D,70.77431139645284
p15777006h,33.138452432717756
w-8656872Z,55.32801150998174
D66928361D,39.22174285430009
p-3553707D,38.4340865959038
M10807027o,34.293408013465026
g12484323a,30.515103679721953
Z-8212382G,58.50227495251541
u79013135M,40.94621253410756
m28011734J,39.071500752850234
C-2143786U,41.865950925380005
x-2141235A,30.734755924450482
b44994738S,43.80560819652299
J44930122W,34.4527745465195
g32852591N,75.21213138426111
G85830221c,46.454858983086325
D10434254T,48.10768937769462
R-1143403S,34.00798772938789
N18887406C,31.987075140381428
v14387491a,45.917272183536355
a87403235S,43.54625594373835
I-1075712g,84.23493071113668
N-1087986g,74.96815360652379
y-6871732c,45.86507665452267
A96730234u,42.0456051315242
a22064292L,61.72148705196095
j-1774967Z,47.25143958908936
T83338145S,48.89832684305834
i21617445N,53.998897281063606
p-1641833m,32.642726278886
z14656246B,47.651824720111804
G-1211626R,75.12247491199363
X12788823V,75.66932939251657
c-1552425b,33.76528189433692
w-2122585e,33.216924785236216
x11964154C,33.233830079125795
t20645918R,52.59034221764447
z13283849d,32.80404124429743
h11730518w,41.65649936607829
G19948827y,62.506717435872176
r43274910O,31.707560058932113
e-9096071i,32.85932023285753
d-8576748Q,32.60706448525188
z91796444U,34.4653746438676
F12654866z,48.8969836856093
w-1757702F,74.03009324212779
b-1234099Q,50.17993404750378
v21855739r,32.70068694980403
W-5904057t,32.41331955905606
e-9386234g,67.80868065548654
Q42074100L,38.10418059788222
g-4536331j,48.85654235664757
o65053979S,33.077427164192436
F-4400642b,32.2600372845391
X-2198546w,34.512161658220734
c11345351C,62.10294933893874
M-4222158J,32.40196115949491
t-8913790b,32.00242103728425
h-1723876L,50.78538289226448
b11565616J,39.56195483050074
s-1143093p,38.380115787763415
F-1742867J,43.09820042545046
H-1333142D,45.79991819325951
h-2832462V,53.66155928007761
n46152009j,31.610740317971512
A41423630m,78.34931022631886
w23811317g,33.128325922287445
v-3129503S,43.567671061070186
V-2109665o,36.835861437647274
i10002840y,31.540329346120878
A12420027c,74.52525703314718
Q-1710310B,43.48355542817166
k-5059454A,44.75454340638522
P78941617w,66.2005465175707
X84104929Z,55.49243872381602
O-5258966R,34.71787650883634
W23785130R,67.71300057795844
k64987032M,29.408991314342295
r-1560829H,44.64673069964502
O-1114284b,53.898866732336046
I-2189520Y,49.20962692027358
z73740510r,35.7973871116721
F-5963184s,31.986800174790343
F93749838u,38.47093824146437
d13287541C,31.879272270629045
n12600427T,42.18095728110452
R22962581A,48.79061705088239
m14976299n,56.083423295505426
K25148748I,44.82620982149646
F17991047v,32.26614147311508
U10000525B,58.07435448484503
L-5185142t,40.418883668361275
E22476230A,49.898742263705266
y-1918667p,40.53229352840185
m-8421500s,67.61846511282808
i-6826693r,37.80621713652066
Q-6236402F,31.454628908679922
H13796940X,48.8106406464103
b12824965u,43.888277091205374
f25057132A,43.93287034491535
q12615606N,50.53651400100174
N-2546914l,74.66565797961482
A-9042233M,48.65388897633879
b28088953J,30.719161492684467
y12090800r,32.509296469440855
m-3254742y,44.84000343728467
T11166103f,62.154925322185335
B-1904262o,58.900901712511526
d-1638909M,51.511454303891696
P20002659z,37.53825236111641
O21101068n,70.33944004839131
I-2609382N,38.79309465488074
M18031243d,34.25431554464702
V81901707h,32.59464542453828
H-1873611C,33.46232005277832
I-4335350O,30.524927520991824
a-6685201O,34.84045198673837
S68517794A,46.007770350560165
a-5655175l,35.41084822606035
v16259071w,46.5697254970386
y21090823R,45.28687954002642
V16991777n,42.79186311473626
E-4001328d,36.06431277686993
o-3515102Q,32.52285218258718
j49593847v,37.708137978953005
m-1140624S,33.164372049615494
I96780719P,64.61477340687536
W16150857p,46.297171365939384
p10336196A,33.63402246054965
F-1966393f,37.439745880889674
R-5073928i,42.93359417707199
i-6078322g,45.326421417685616
R-1797279a,43.65283474432522
v-1632640v,54.492427663175896
b44358202J,67.93389140409774
v21606356V,45.04712918952858
a89412563P,34.339398078317494
C14874883N,54.417427582363906
j-2557842j,47.499185158710155
s-8312774q,32.03564286931716
Q83650998M,34.94983546817832
v-1742723N,54.028719068621946
S15039720Y,49.552056901499526
X-1387510G,44.26004971103246
H-2809672w,38.196175582817254
O16507727j,44.15516117001727
I-6505525c,54.07714374250368
E16516360g,47.871742605529114
r-3744124X,40.42760583574744
E-1660926L,31.17581958008281
W41114899Y,41.30390919898096
J-1224401g,30.90965967683598
z-4990028V,45.35005578391266
S17802902i,52.5472724406833
r-5223681u,38.07403643770787
y40186666v,31.990087664610797
X-7894537e,51.45813437371517
n18141460t,42.52171700120691
T-1846242d,52.34319566043992
l19641602B,33.73051726324298
Q20350184W,54.99570576854369
u19545404h,46.11572946272503
i-2125059a,32.14451457299353
u20670898G,48.439284340321294
E13629887e,51.539251078773816
j-8833751a,45.102540683314324
l-1270744J,33.52432890056176
a-1444445A,45.54787809001183
F13923646T,38.7300790539114
W15387724h,37.26586061537708
e10833227Z,73.94286265151959
O18707780M,31.923169361794255
s-1070927u,34.04509913066871
f13961290o,49.74827353329923
I-2258340t,65.56098715536696
Y-1108881y,39.298089875664246
C-2407162B,46.11741011790433
k-1021806U,39.59909105017451
B58815481j,32.25413525959961
Z-1497483y,57.24614867486917
m-2038148P,45.10463312140299
W20323505Z,72.35081451770017
h18172982Y,52.854454691516885
C-5107111N,32.51181062920521
T11570167i,30.34038783348673
E-2189846g,38.34458965051713
J-9051627R,48.110815319568296
k-1266231T,69.34577343846684
e-4843883N,42.17283960504494
V19603857b,38.668957167259165
a10075304B,79.35263846772949
j20806666W,78.23924793933163
p13183205N,33.77130917713946
F-1408164F,49.486513194810875
f16848135A,48.048024406185036
m18276402k,51.853807689244036
O-4852964p,50.363084082144084
p-1032774f,32.40545024292673
K-2141030h,30.99254710504244
x33340734F,48.9321381393
A-5539031E,70.3452478243971
K-2121488X,31.478826192193125
S-2104296W,45.9667281207787
V-4730687q,31.690744067571636
m-1018494E,63.831970435418796
f12953922O,31.277307878534728
a15606967c,45.884294167748436
T-2050577H,33.1460270484098
l21058873t,30.69874135729194
S54991647N,32.84051817231183
O-1778305H,51.74883102462242
r-9019459m,59.9629723251387
J-1701327Z,38.76392517584392
W-1085488J,50.580067421138395
H29930196K,30.031379348025588
t17442755k,52.90441985150402
N16782443w,32.961615829055106
G83616598P,56.6310015961341
q-7529997V,31.018742382396283
m-2601611a,52.78761331459578
r69432919t,34.302260984952
J85546174E,43.729244686933555
F-1506247r,33.936375753673154
Y21723655j,44.73894265819204
Q15261602W,47.207927167534585
M11261740O,43.138693700270075
K50534665N,40.2072700142871
Y-1015822T,52.16226821989148
z-9596926C,63.77937181747711
T-8671431r,31.08526566846647
R-2077630y,48.33333856096768
I96387228J,33.12271685187153
z-9815533M,45.73729900241853
I15837837J,49.800954279588865
P56763603O,33.23676101405392
h-1396839K,31.254211593135146
r-1477676H,31.534542060067736
U42030492Z,32.380333071220655
h64108495H,31.491347751903866
l-8882948y,33.41578112951551
n-8099641m,36.55457000446344
f-1164209J,46.14466238947908
g-2072833K,33.23201071107815
R10631147V,32.7885571564979
d-1627526q,70.05957629519983
k-2116384m,50.96745129289313
y12532736D,39.35461227612065
S18268647a,32.01068083822379
D-1193769d,30.744611384398993
z49508882q,36.69778793545271
l13511253d,32.072069627437756
y11003726G,31.72927852534703
S55044905B,71.80762076024396
q-1419523q,74.14818384229875
i12167734p,57.15585135201114
n18966581A,36.95241639106716
s-2225812u,41.09151130044152
g99706283N,35.068781529407
k-8065294L,58.16679849871042
D-3731198o,48.71521523084316
R-1511509a,42.25878000440299
W-1152410B,38.452282956653676
A-6746020J,51.93910768769869
i62564137B,58.870874890548365
V81342356X,41.68151777438204
m70884293y,53.22777175112187
T-1440241N,32.089592512118
J16760665u,33.34236113711593
B30016393c,46.43799736266367
n10206436k,43.51525392805609
y15691728a,33.22861559499865
j-1923026R,36.027849320099
p-2070685P,49.20043142521449
e22835001P,33.51482182303121
f-2044867Y,32.10278778379906
Q-1914888q,41.72377737939986
h-2696405T,43.80977977176159
G-1153171e,39.98133803969132
n-1502387M,53.46528202092433
y40441306G,32.263558446789276
B22246797F,58.8554155313773
s14991094w,39.4679708160662
a-1190397Y,34.81012985591836
i11542071C,51.02097334243207
l-2588047U,48.40910558481459
Q16201384v,39.91537689495289
w-7781882Z,30.812581381737864
s77766899D,44.74789077218598
z-1503313M,33.03739046494327
l52568818B,43.1072988702392
v-1508530W,80.97380134893281
m13083528W,32.14607002898193
z-1243195L,33.203382286115044
b18857695O,46.239121261321856
v-1905656K,50.074879110429066
P-6659279q,44.29731037407876
h13431746I,44.71866519111649
I71388786G,36.36355473144955
R-1701492N,50.510587957000375
y78999678J,56.84086298043792
a-1426275y,46.204119497150494
L84463953R,39.49097667802957
Z-2128621C,33.026868497692874
M18466047W,45.47342477320297
g21645452f,42.75535187845135
o-1663812b,33.059232677074576
Q-1984603t,41.03751177258237
q23501901h,46.33042754719189
d-5544396q,30.120570063714137
s-7084701f,49.27686281713992
g10084745U,34.37682825468861
D-9891385q,49.60844327819431
D11776354f,40.8412647724554
B18579200J,34.03009164108337
X73810314E,33.631199838765596
s-2223156w,44.99418697192876
D82568273x,32.25407691413921
k-1107234s,41.864938538986614
T-1805505r,61.31980443787461
u-5015974t,47.924030364704564
t-8201245H,30.44856749467415
X24084222O,43.18405418481635
K-1916013Q,33.350648584171324
J10576054I,50.1818829201834
g21476323Y,48.036961521093566
J22595982W,30.725981666804095
d15745111A,45.504232681905144
V20296571Z,32.49346490124147
t78589983m,43.069276589651956
R-6055154h,38.04806095820947
o-5397363T,57.985588979752634
y-1784222v,34.3677871111412
S-1513382W,41.036963013005305
g-5563252F,43.59448765754277
a-1166334r,50.11126367461778
Y21096922W,33.7105389559055
s10535398K,32.049400181873075
Z-5188222t,41.43604934315616
T22900577z,43.33365150058918
i10344980A,68.55523448464686
X-2263190K,31.471730540469753
a-2111343W,40.585620164745535
k-1183222H,31.759425514845926
x42906942Y,30.385493332112112
m16863308b,44.21563468162853
Z10247738u,40.09334839248895
i12798082E,31.8813754183836
C91514695x,55.100317430715464
h61870657i,45.1631373118178
C-8768079q,31.966799762489842
O-7894514e,59.99267887319599
Z-1926882U,59.566603988490726
N-3121550V,49.284822660973255
z-1254537O,35.021053088899386
u-1514787e,33.671327811974834
n-4360079R,44.05289218580057
O-2113046Z,46.83995126766818
d13819532H,34.22997029446115
d54261887d,35.288212351225326
P-2048739B,34.70754496400434
f-1825133R,32.8889760907346
q-9928373B,32.498526027837315
S29542128Q,71.34360874085243
J-1782910O,43.69981910992073
t17410389g,67.0654014562179
Z17995139Z,46.59012674626417
Z11671085y,45.13925145954054
D-7723622B,46.50645016660175
N-1539010p,41.99659120713603
u54154743P,46.41888450251262
j16845365O,41.02587940657078
k-1171716I,33.95899065957857
G81601770L,30.705010300775758
K-3529763Q,33.17075469809775
b-1404013d,32.16396585137147
O-1398534Y,31.711259695103088
l69679835h,42.29111344294525
G14568186a,53.51545236788247
a-9442555A,38.25208550612286
G-1689492g,34.18697018896093
W12690163c,39.99087781986227
l17843143j,34.620491680721564
Z76981204Y,36.133591858272936
b16524531u,46.518048225105744
P83526152o,43.49565696556455
z-4612131R,33.53232893074316
s50463458T,33.671638190347764
u12928592s,31.342414255879568
U-1897169L,68.31491679304473
j-1549044A,56.928141996625
Q87875664U,75.40426334992557
q13885185m,26.358679855649957
C16715520C,31.239591904712725
T-1727751h,56.26294038932671
m27082215N,30.51120565835777
e-8788520s,32.641101176365055
v36899226P,40.53520472053479
Y-2254716H,44.312793210239946
D-3425990U,33.583295047386216
b-1050475p,47.903894040252666
w-1941558Q,52.693743068089695
d-1134540I,45.409038275249706
K30520180u,33.983302187889855
q71640430n,35.450032483633436
y10948537e,32.900119167520316
a16152476X,32.012486405062084
F-7462902B,46.66909439111032
t-3967937s,43.488033863096206
o-1118236T,33.97705191980242
g-1760425A,39.768997166422
b-5227653R,49.81770918320108
h-7408890w,32.96389166251059
K70391511e,33.36899306514443
V13438854p,29.684663506963652
g-1740147b,32.28936780280448
J-1324072f,72.09718126533976
g53382924v,44.618114110728094
x33005281c,30.86535490051439
e24148786o,43.435224336308096
I-1503695V,47.66014511583914
E58388206y,51.42680928136876
y13484815Y,75.20327127603255
R-2027359R,37.53305516997704
Z17729553x,39.16090527492158
H-1512213s,33.74277757265012
V-1552956h,56.22682775660207
H15345413o,33.2491936571924
w17370680J,32.550300801280294
J15476551r,61.19021938695141
c-2250495g,32.87409021188038
Z17599412A,44.22953342726682
v57643253w,41.94975958228198
V-5494479D,53.62745743316724
g-1126074r,34.37267424186565
Z80579540o,39.069534980758206
c-7272329q,33.040882340804416
z21450941n,32.02496571673573
k-2034944s,47.88143667851111
B-1760099A,47.644256361883826
a61936474Y,32.317385629494154
k86159975d,32.170204485589856
A10692422a,30.911587678905413
r11362699a,32.13256506467788
B-5479705C,74.26387817530818
I98930031r,31.168050601295022
Z-1084098i,33.050133886506856
b55045663j,44.944810118141376
h10096493s,33.83897403849305
n13675758u,58.373474700503024
v-1469151Y,33.038337069600125
R21100020a,33.564520965301845
H-1226800z,33.270468109029444
l13980749p,59.503535271736695
D-1518430R,78.45622830267928
h13825532e,51.28356308430409
Q18803510e,32.55832508654183
w69467024a,29.936248164539137
a16149566K,47.49058114832209
R10923215L,33.04203651406049
H15481815Q,33.004747220940686
C-5040526N,45.11602754894405
m-2182440Q,33.27639483676391
P-4006382C,42.19592053029256
Y-2235574M,54.02735958437922
H-1070903M,33.75557438022541
w16163650F,53.525799928247885
I21674635Q,33.20369089038952
Q-4587219M,33.57423294906509
N10540578u,39.69813427425393
w-9916167W,41.133648451102104
g-1742741c,31.71260003181912
n-1575803E,42.644125480853525
N31059484x,67.63798312501794
H-1342764P,30.560322619138404
X58767632q,31.56174727771689
S20355997J,45.521518316617176
q30806358i,56.25114381395154
W-1775855Q,53.33307748454638
j92079780S,33.576771642565014
f63189062N,31.604965423001424
x-1205366S,38.55062243104713
H-1902314v,32.032816734588856
f10226409O,29.45251517778324
Q-4235244W,31.446430158681892
P-1715787u,34.31859392453491
x-1532496K,32.70814465587283
s-1076835x,31.802454389303094
m76785981z,49.98371087899087
u-3215458S,40.391341429096144
H-1919071i,67.87293213890432
p-1139197T,33.24500507158537
R95310344Y,46.27354080904599
e22646530u,45.55211123003685
o49311084b,31.45927574177525
x99598782E,34.195623861099364
Q-8465743r,55.92935026839193
K13600113i,33.19396095443979
x55379265k,30.88303987889156
F-1518753o,40.81660285738882
e-2020384H,46.60102762798983
n-4605215n,50.095190966100816
q-4584627S,67.82043389652311
O78712164p,33.53620030653855
j-1598707G,48.93426298903148
d-1282472g,61.62455620559394
h-2287342p,30.883426113802525
s-7266626x,44.25108886017669
z-2843006O,33.797775341001326
m21557315K,34.0386746645394
j18870600U,42.98274531319907
H-7836096t,33.08060352528403
k19151173f,43.393469724087694
g-1280182Z,44.342242905068574
d-6211776r,33.927216522798304
u-1590555V,51.03913641575361
c-1204255L,34.782395033345395
f-8810014g,33.47276903824774
S11009197l,30.399968795051265
g-2087791I,39.526956313051514
V12754137r,47.76234150317211
T-1769393Z,34.063794218729704
I-1117298r,75.74456600758035
P90790412Q,32.12696208938714
c-7401486X,32.524462011864316
A21009715v,36.72237119184756
P94512494l,33.71170701091917
J58385372M,55.184473590774104
z11059333N,48.48925298769831
r13675823Y,42.73637695213709
O23192334Z,34.4426565268527
h72663703o,71.0419107577231
u39852752H,52.462457617779485
y75359172F,67.82613860033263
C63413357V,50.22464887577164
H-2218041i,50.81740640215078
S12392431C,53.926454751495704
c10273234z,80.26571358019139
J-1675931Y,31.502334659562862
r15326588O,33.966272378545966
O22786315O,60.79768426218821
M14034762V,34.72503050926627
d-8796835F,58.49333048093145
L-1687146I,33.26342372286073
a16452738i,33.21602495136454
e-1589877h,31.84608977513886
w-2228220D,47.79356015190198
v73920097R,35.45917754340786
B10305712m,42.12541199909355
w17382345v,48.35121016382072
h86663077a,32.108066526084755
d-1261412O,35.28104550658867
N-3542587r,46.0876525043591
q-1127410X,45.39111580559813
m-1248909g,34.51080047035504
Z-1350437Z,30.33477733336172
G-7472388v,51.56366585179497
K18306053r,37.79530521787285
t-1389922J,46.107539907436255
w13418612e,37.52249159180367
d11818528X,32.34078341715666
v-4393931r,38.58917987050236
a15124892o,49.79328195411475
l36861534V,51.68867313195188
P21146775A,41.42908839090585
B-8559176x,53.65721964064691
s-1233979x,42.852723177735946
N50018445X,40.284295132588326
E-4220998I,47.14976173177642
D28621238x,55.29010175279481
r35592741h,30.498086021856047
S-2179649Y,43.71691398556154
H-1135423y,53.15016065829747
J97849965O,32.858781189606674
W21048865S,33.90077473603897
P10539613v,48.29319815210913
r-6268123s,38.775892636319796
A19893808P,33.787057245229526
c12458019K,43.76607470992635
r16624906R,59.12842135883938
s-1701601T,45.10089661461906
l-2073691v,58.8011555247539
s-1227750Q,34.76028506245852
n-1588210t,80.26965116376417
L-1950271Y,60.08829222096379
L45819441T,46.12950080277338
X-1102199i,48.88478272065191
Y42307620l,48.13895216303551
c11493622d,30.21404188765876
s74743326E,32.36645202422537
v92032706J,35.300986840467054
l40017744S,51.57767005882778
F-1561156R,32.10492434114152
F-3458483b,47.83432798471498
Q-1573004E,49.26634475918627
I18762244f,38.96258385840398
x61993910W,47.3387774632948
f70384121H,74.66168305992356
b34607341j,52.273170728638675
s-1544537d,41.46048490755317
T-2651777L,32.29229305431829
Z-1690934p,51.5407511899076
z-1383208d,45.66139184978977
F-2091675H,35.15163135053889
p-1026598C,68.98315621326253
C-5229733d,32.34292846061564
t-5863497D,34.166835307022026
F14893199L,34.57810340204709
E-9761828K,40.777491277663394
r-3626163O,42.73714182355363
D-1975819d,46.95703994887552
n86645963R,49.91311032818358
I-6482386t,32.2700814141853
z11959313t,49.5047511897036
d19312186N,58.25784066202749
C11156821F,41.91770075842181
z19283639B,52.819355807711645
D-1246382Y,32.74186608758424
D14445025c,31.850777778347492
j25666218Y,50.21564252930696
E13352088w,32.90868914232747
v44596260Q,40.30976923726928
c13976633o,44.41707753982313
z16908407t,35.75134898423067
P15083043i,40.00228139213899
p-7727399o,48.00039955948
W-8604738y,38.47769016805061
J22352968u,44.04913837415299
G-7187279a,46.78198948769096
G-1183057B,44.95369973920552
E-1556800P,38.38981739865131
N16753727A,44.78216053660404
U-1860241R,37.72184345193019
f92515288W,34.741207646437736
q-1553054h,42.37114252695906
d-1766392g,37.090223387555746
z-9268730t,44.085664510526854
D-1137759f,33.33141890261578
Z22301798u,46.84344492663594
d-2160500k,30.92846471796784
f80644426f,38.59528674192413
u-1069219e,74.13162793273106
V70870192k,73.34361453556933
M15122410M,50.258205572105055
F19935095V,39.139618819431874
m92437987f,45.17953461879187
o-1720442f,48.3980800706686
Q-2043032T,39.46163010799816
k15728070F,33.572719732648736
i-4298300y,46.65123439445709
C-1549576C,50.441507851095636
w-8322851c,46.343078265715874
H-2195683Y,40.51469031282201
b20675115I,43.319469887004445
w14143210k,33.2350135846509
s17437438h,34.15184419563117
Q12901548n,45.77785073584749
I23394317X,30.79207910666034
S10630331i,37.240012643047585
N15239751A,56.592005709706136
t11482362Y,36.15978296575554
c-1160907G,32.14604692638136
t17520024W,50.564329144893804
G16918724z,47.4879767632987
T-5518367u,39.55367126239283
K-2047259i,33.63486455256026
e-2894582l,32.892545960871246
u-6774973B,35.85346880711642
U-1642617V,39.65214412341616
Z19453799u,32.12819309481523
V80070476Q,43.5778953843663
L-1777501Y,32.32800213836013
M-3275863u,46.65400201599946
D-1131723O,43.789198401352174
s12292138c,31.854925214573058
d-2073713s,34.47425406437123
U-1440005A,31.331306815330024
D17587481H,50.80404344819246
O-2089662s,38.757794146206344
l-1247871G,73.32728102575965
Q48397067x,40.8414019761367
G18135304s,42.48063064608833
s52741082h,54.29004200182769
R37055375H,57.85167099942638
t-1505206e,75.02009071696406
m-7073285w,31.772648772388546
e-1963742G,36.6045698301305
R41701461o,32.802037892513155
P-1572930P,74.07399940031135
m19821763X,42.88450735844445
D-5247175p,52.30202530448477
I-4491426o,31.27435675365679
c-5796367L,61.99885719769729
D68676642F,34.099620875122596
B87840170Y,46.47018568145897
E-1074824O,33.29007744822398
L-2105285X,52.22429310795647
A18722372t,46.28554386820714
t-1655791x,42.77454371003142
R26898137t,47.35085338130749
x73165245L,78.23681779253235
H10144433Z,42.464023773622884
o-9460824A,35.74987226703273
h-4056890V,32.4076288219852
S71464104w,74.5302985939132
Q-3414660J,52.50039404536361
D24219627Y,71.13203953839587
g-5564720R,47.392580799667016
g-5327257o,31.905087990327765
z16965935R,51.95575591148193
W-5886969z,50.421098398381574
Y61608416T,33.699839360871124
H-5193657t,37.709596312083
r14798824O,46.910482724822266
q-1329704C,46.01807240465742
W-1162613s,42.88927106411943
q-1451412w,53.99997824524195
s10825773A,41.44031767990598
W-1322764B,32.85071730877273
C-1335407d,41.82645502556579
Q-1854633d,51.190375825422684
j12033464t,35.71519810475053
x-1653730E,42.790014980484855
L-1459492G,34.88040121579251
A18622071d,52.383016574481495
G12921056E,47.83560067357916
M17587699m,33.64561114493246
H11201074S,35.00843185394638
g61901962A,81.7182847727571
W-3006427Z,48.2421141671414
f21354327c,37.63602970527355
L-1435343R,32.872033872899415
K-9089430v,49.75212697899745
u89834900L,42.040813932577905
K-6843993d,35.35566016981767
g19283665q,31.756767884160702
V21055732W,31.652332545439908
L20847256I,45.04086883590681
K20941520F,39.56731316553979
s-1506268E,32.027375685949806
s13306845G,57.48098408549974
t14118502r,40.29318373390937
l-1141377S,34.67174136872971
M63300651V,40.84959622380399
O-1741687v,54.918529931268154
J-1064181u,33.84831974391739
R-2596313V,31.39257025969983
i-1845254S,37.18350421213888
k-1573458g,74.94945085455333
Q-7165920T,42.40008363130756
K-7253573V,72.34719495802258
u-2045579o,48.59369993000429
o-7174642t,43.67494160942143
W38257448E,42.37288516971879
R15758843A,45.85992780327357
j-1164533d,42.41036574991501
K19878738u,43.3352777106064
F-1356357a,44.25560548992466
s18773736B,57.08393329401089
f-2195380L,32.7139205732374
I16894729d,47.618173918515026
x73377373J,41.680323221038655
A13983367R,54.21132774884863
W90386436H,35.675020700881035
d-1208731e,32.08783706989315
E10689597V,50.679511339174
e18535481H,70.80473192525112
C-1401160X,44.594657940584675
D-8642892Q,48.739660518547964
y-9607515v,75.89680947506821
R39433396K,34.81974452762865
o14616394R,45.532818034243384
r21184266q,44.06536645212203
f21015538f,35.94764066845355
j18832518Q,37.827359569754506
m73046504n,83.17785777669104
B-9791729R,50.70577995450942
k13021113b,46.16781481742679
G89078774t,42.77593073842469
r-1060256J,52.15947558619724
F-1410401k,49.7273127991647
S12437589H,40.55869279209103
o-1474795Y,53.68569856384664
v-6600194g,32.864503786547004
e69316734g,49.14126932181536
F14045081A,33.23789656303426
p-2049920L,35.73092413133929
Z-4995244V,37.259123984980974
Q28342682U,41.68243455185065
i20932780E,45.51266381380955
T-3474422m,35.751614326600986
A-2251370Z,44.855946398039514
a13118905A,40.64049502036399
o-5518912i,43.81283033536326
r13112137S,46.583491792266436
L-1172603K,40.96633090956344
F15323913w,39.21793333869014
b41466140L,34.82662559419011
H-1126826u,46.26547153721123
S80787227y,34.3136128662224
g62902770K,82.77028303808945
c21339742C,35.811550691809174
o-8291576Q,77.15120379175912
A16177147F,32.56560065811942
V-7911017W,52.41780078998962
I12484436u,38.64644725047058
u-2985309w,44.86452250955946
i-7675958l,45.91361441224301
Z-2003336X,37.39808459685031
R17548053Q,51.59481561973455
T-3625019V,50.20166758553824
G58798171H,32.16776232600494
X14239142s,43.78998455624116
W-1663352r,34.64454378623916
R10053414j,33.13376459407357
E11344405c,32.85780635232712
E41968356d,81.04027302470918
n-1774226C,47.357531629920906
v50135109z,32.78836860160869
v-2502243y,33.167893688618996
k81607148Q,50.19756439211806
y-1159389K,43.33728189793011
Z-9551096Z,32.758959211860756
z73398830W,33.16592667204415
S-2180379V,35.631926886652465
Y19585916c,42.09789745146258
F-1772949E,40.14056352830558
N-4056140F,30.994160724979885
M20457206h,49.748269547698634
f-2054559Z,33.71918938390555
C-1947908i,33.347068844943124
Z-1004053E,33.24136088461179
E16706596Y,39.86334358161604
L-1236498L,31.858745052518096
M21428480q,68.80077445569117
g34212838O,70.32295790767098
i77678921h,46.38424071229344
s-1993335Q,44.14178593055466
w-1217800P,73.13759383631134
m-4445026W,32.50509335135959
w-1020644b,73.64049980159771
r-1878207s,50.38299596349396
S-2803516o,43.14118059982766
g31689700a,75.83114710023466
L-3828198a,72.37326802878232
p-2023967W,44.84798085971705
R93384932a,33.968223783784666
o27482006r,67.0002017620015
o69465373z,53.82133329589721
x-2214584G,30.949640468765267
F16677411t,49.18662750392671
B-8278342d,45.296033071377416
w14795716n,49.34017595575967
q21418139n,42.27096479707252
k58875945X,36.54857931223761
E10178721V,68.72313744064782
y54427123h,44.48756416319294
N-1116467g,38.94829992557895
L-1098436W,31.125463900890274
K15170901N,51.21800509573831
y-1741356P,44.61777867092396
z-4349749h,32.01089700752388
y-6566782r,32.632229677215726
T-1729770o,57.034395251608935
V-8483576f,35.921839271645894
a39440404D,34.07405706028699
i51467047f,47.78857731871731
H-1369852D,65.48068560433512
M-9668613M,32.82076646649158
q-1575533Y,45.749572987822894
F-2122411I,29.325425072710026
c-2121060b,34.969951283435364
H22186863I,43.179499648188695
d68073068W,47.06640408425486
D-7066589I,47.753518526071026
o11670334e,69.42497195733056
G-1501141U,68.18438302557183
x-6577654c,34.093037989924944
i22784686n,31.28175723560036
Q36627447o,49.465223429584626
a-2079734V,48.85511356312693
P17112537M,52.65640962095491
I-2947258i,37.64140198572471
d-7058280z,77.42728417604198
V-6734711I,30.809880026893495
x16070571D,34.456962916294394
A99628604w,31.62023487317066
c-3559292Z,32.040100812538704
D-1642232Y,33.86908284605647
H-2177827U,56.82321749798099
t43860654e,42.212935759966776
O-2567044a,31.454391874202862
y-1456481W,46.67573933850149
F-1311521c,32.01904296930469
W-1338521Q,33.035341431165676
S21521405j,46.225171612365145
j-9167677u,52.55296119963249
E22045798o,47.89278434589684
i15589390k,32.26268446767813
l15227760Q,47.5768389222696
h-6100646F,52.729771471363854
L-2071083z,48.982819891740846
Q-1583701a,34.02802846423232
J-1966936j,59.783749672204024
p97277001v,39.89538682347173
A-1959167m,34.84547083328937
b-1232634R,37.44535989849868
C14499779J,33.297560973005375
A-1900042l,34.01937300382955
D47614465T,33.08579146577021
i55328849i,73.0260005071924
L14501903b,45.61250717143982
U61603538T,32.94611895614019
Z-2000448T,32.54074106560568
V21733186R,66.30782462297402
x38176093d,31.718160924246583
S-1872523D,35.92227903091829
U-9105241l,40.480430943182455
d-1067020V,47.98298146822445
T13652201h,32.144548128343665
v83124010d,50.69012884357336
c-5320374q,47.627026671171805
P-5877829p,39.8501220699665
K-4097683X,33.551008821991886
X73607704q,56.44136546427908
d-1645612W,44.87009505344116
M-1949772G,44.42534707246438
d-9809366C,53.214653356670944
v-9133799l,74.37891862401659
j16496771g,47.91104567706289
p98074932P,73.45518765670555
G-1685085q,37.18518739566993
L-1156474z,61.774497681788404
n-7286817N,30.91685738335333
G17139758L,31.26857935807953
M-4377864u,52.94499381053866
u10884582m,33.12194278450879
c-1819930r,50.35759225949586
I-1016418u,45.21802648004406
f-8509753a,37.81373994123078
f10270915c,34.71297072184322
I50788104J,33.835700636920954
m-1618295c,67.4580731150828
Q11656086H,34.03140249766138
b17685766M,41.02646781089838
n19528133d,39.211292733880725
I-2222955D,68.11304508032734
U14909638n,52.579613679805064
P19518709T,31.011807584279964
V-1888434u,45.56356278207153
R53321573r,30.83137785208295
U12552466o,43.144226109884414
m21172670I,34.82478827585347
d71004474f,39.26942055369403
n-6003131B,31.224107893331542
w45505269O,33.28054915927341
v22456431E,37.468047223797356
D20302252H,32.16824854674999
E-1789284H,48.43346035995299
F21755120L,32.84744514485558
y-2096513h,31.41176665031597
X38064587K,74.66124210030472
j36860430F,46.27386816291688
M-1188559U,32.14334706612896
M-1057522s,64.0710875487995
r-1767573M,33.220817447237835
N-2165696F,31.95566956149888
l-9002229j,57.68320758662082
Q13796033u,49.32745682962049
E20487110v,46.799647823282974
U54007251T,47.42082165444052
k-1001578G,48.720354525025286
m-1316228Q,34.55187096374463
x38424933t,49.86302160171314
z42577454j,57.42534591580936
h15726678G,43.191710648515205
J-2100035F,33.17539608749715
u12997600r,50.7277567893012
G-1444514J,50.760618290486995
r80685540h,52.414022940150794
i-2886682y,31.724150928518352
U12958604d,29.871262587051696
Q-2285147y,33.25432829258297
d-5980296U,42.781202895879204
r-5694899j,54.26288452064662
y-3995748C,43.41447484229888
H-1417790G,49.65877623091533
h66072023A,53.00747166264485
m-8844106y,32.50582132112447
V-3922506p,73.30030699935747
P-7215920v,40.5110396579208
v-1334609Q,75.09248183951263
y-2901647k,33.06410319590537
P41449662O,38.594356371119225
N17048798L,49.66316223377247
o-3239309x,74.55916625666195
f-4517248O,68.11100729442774
i20236215k,71.8740495761441
c-1909821W,43.86644964315552
S-1058341S,47.249894548722466
Q27397166k,34.56281191905043
m-2234361C,69.93253691132135
y-1310937L,39.774726995462636
h11115340f,31.819975801192044
C-2095125S,41.04638286115555
H-1012725h,44.28708079913813
A-5953942h,33.3291855230939
b-5677746H,31.73206393773533
b-2174248s,33.00955402786475
J-1468143m,45.58826287183021
d-1590616X,32.89591337868279
A-2010794j,30.72523029787324
S10025512H,46.850707765560486
F62717656N,67.88987507986752
Q-9015964Z,53.803744982265904
e60616052a,31.75955452771349
O-1094429s,34.199334782060845
G-3730407g,67.1385031289681
W17258092O,51.77696612917711
Z-8046890f,32.78993632439636
C-1531638p,63.288132752774715
b16129006F,48.99170028863779
O20309077v,32.68817978643324
G-1150322W,76.09860534312168
v-1523714V,43.511797179677316
m41491349u,29.589892909901295
N-2592617I,49.84759400037713
b15147844G,45.41714708563003
J-1119809Z,32.58632564299556
x13343580w,33.449274447152064
R88463379h,45.05869146017981
w-5790710u,51.59432746285812
w20420004F,34.0026959816321
J-9110297t,40.99852793775107
E15110775p,44.79264912598754
j-8044553g,32.52445311613117
F16044963S,31.28763902547285
R91630921n,37.78120740626035
A-3836077o,30.880809946700094
s-2202835E,45.601526955126204
O-2222377Z,37.19000846863785
s22484554J,34.72322098019506
D88984934M,71.71593707908204
X19668940Y,32.85795369288154
D-1808806N,37.65062710035492
j18586699W,42.99345821013245
H69080088J,40.24235970306667
n12252517h,30.494528569034237
i-1711813H,66.25704030813031
S10721675C,48.219482049810736
X-2170601O,34.18953269052383
i97387429H,45.26236516594205
d22008645E,46.03476181339062
n-3455333h,49.70035284432839
B23739608U,32.341042780765854
F-4198459W,41.99037998061913
B-4284440k,49.15802715924531
G-6904316x,34.79306239419654
N-1095600Q,34.33636634298003
D-1029823M,55.7100508017512
d88026009F,45.89557374113392
P-1279354K,47.57337166408736
S-2221955m,50.530246046094305
U-2195930Q,37.02814091093156
L-1748371J,30.72518328260433
C-1092574s,51.53997147331801
x78336615j,72.58825683973673
d22823530e,44.78514394342923
f-5599112Q,73.18755080343769
w12601279c,38.06180778945246
O12999011Q,30.71438833850259
D39654489v,44.055789318662455
G-1119002U,31.430857503023113
x-1331259n,49.527581699082454
x-1366202T,44.92300071330287
e22337672e,45.745493705659555
h11974580h,46.26064336445769
b-1924728p,49.517611909136164
t-8150753L,46.56468879104118
i16707497b,45.718495553242896
d40778348c,35.51094071815815
x-6745292f,31.90008290887221
Q-1197469B,31.337203781413244
y19339480p,32.93875947799725
E-1574398v,39.489578841738144
F-1541843G,51.20092401613664
J-1898029b,36.9380410634621
i-2267354V,46.500908185670646
z-1706928C,71.53668307348576
h16480906Q,30.99310822784721
b20875811r,51.30403444556222
g57509660G,53.60013339620067
i10233407e,42.39892549828845
b-1633141B,45.5732847325778
r44343477P,69.94795569996411
X10140728m,40.42850763878405
u60678999S,38.64315683877167
X66836862t,47.17650539916639
r-2626717n,66.5826861522338
l25990633r,45.60107591144367
o16159959N,74.24168123463463
P-8366433v,43.84835853527756
D-1742188V,31.513407673343295
q15163647k,32.518357226680635
m-1582917S,35.10259418238601
u15259964F,53.18494070720139
M-1332669r,30.24881705547552
F-2033009p,43.90126535065395
w15256527O,48.646251790553734
v-2214221g,50.03232607654992
u-8176531i,78.13691588244654
B44546931a,42.354560559750304
C-3329059P,38.34433348327536
z48466812V,45.85240339761983
N91717170a,48.81571052158768
h10197943p,29.595588772435292
f-1804114y,32.62751864187038
y65839268d,54.9399109417276
s20690018N,46.40088829916778
Z16406378j,48.07557956061961
r-6401544e,32.94409469907482
A74571031O,30.618713466354023
I-1022513U,48.085064371216355
M-1528828l,39.92650460399257
w-5395626f,49.68452276667036
U15424894F,35.13748464635247
X-1521550g,55.599462443945384
b-1756095Y,40.23956249200342
S-4942615g,48.367471073825904
a-1170299l,48.34966925675151
W20898223q,46.856471975929
u13780325P,32.25985920394425
q35175771e,46.827615580786315
K81291347a,65.71319862160101
G15557106t,59.03288141196522
y21647488o,47.075029996314356
O-2154805o,49.28186777599487
D11355691L,64.87728419599065
t60412618s,32.36114578019959
M15952724y,48.52402391318159
k24372320c,52.55593842937494
J16859061o,37.923788016659046
M11049568F,30.60234379296152
z11525648X,48.07272521485476
u41400760y,65.55598063632996
V48666541E,44.53468229289076
t-1305628R,45.02304664523598
F20989471t,30.07247702021808
G19704655v,43.51595776908532
h-1084715m,76.526023067864
X13848460A,45.674316812005785
H49107775b,32.720460870830394
V-2127600s,39.46794786036314
M-2221760V,37.30664752705556
w-2040826k,44.67017015857494
Z15550264W,71.23663579594924
b-8727186X,71.3169530013376
g10838650B,34.90366001610555
d19534101p,76.42491271712022
j-8523085j,32.788049472899466
Y-2259833v,72.58044116406953
y40076926G,37.747177771781644
m21197630U,75.54649273902254
J-9282883I,66.34900038799023
y-1593526o,50.013690835875906
R18548797W,76.74433488797088
M78454309n,30.19833453759587
H-1952766q,57.289440738418804
O-7318695N,41.07915243787257
Z-1382353b,41.02629087720423
y33995729F,72.69805136604712
A-1931285c,31.89348367689248
b-4023465w,79.7470276931593
y28247093F,66.30209848673212
b-2099867z,33.88595617820321
N13810671e,44.414965550407786
M-1208274P,40.272923997636724
E94491875l,49.708664134161005
p14296940a,36.34833988182011
e-5032325d,30.918888718455552
f-2278644T,45.50662872640496
N-1449511Y,59.69807212034697
R72473068v,45.54181035132113
K15727484r,52.35312637744307
x-1530392k,49.31826951110017
m14032324U,42.238260718762376
o-3502321X,33.81630872313191
M-9369867A,43.95890156220052
e-1176726O,62.44840118795639
F-8971471f,30.629541131782272
w16001206y,31.36777316487104
T24942626H,43.51875870312541
Z-9250568A,44.26833774446944
R20946794F,51.41815152888354
y-3708778R,40.50652603541219
d-7461024X,44.51975514288727
r-1304067j,31.84970635894223
M-1727464u,31.79930956449381
X12353297J,30.75037558140384
t19399198h,60.388756590689766
a-2221133L,69.7666914125052
n15134422D,80.68282932835612
e-1041702t,74.90584016122509
Q-1108615n,53.443001668498916
r67742622z,45.710540711095284
Y77630283F,45.28750523558927
I-8740476B,48.90070697678503
f12831819d,44.53883737633698
y-2117938S,34.19869752790652
X13552128w,46.287671697378414
m89915934c,30.160256916874314
u12923191V,33.807971808444805
g64040787A,32.164241519712284
B53432209f,35.701699051423375
Q18090458O,39.16255825467775
v11087640F,62.32678944740044
s-1018199L,46.785388433597284
T15119744o,41.3654814038474
E-2442116D,31.84218905997123
l93168360C,46.29921159049054
Q52925581k,52.003217647479076
k11571129f,42.00072536653324
K18787489X,47.77266777109068
i17417440r,34.228932545365005
H-9338402M,48.06510859876276
e18576123A,85.51180443449115
L93331905w,49.328052951292285
G18790404J,32.87658429399277
H19063606t,48.118341517475564
A82111385d,36.083251845830844
l96257336G,40.56428318850847
c31569057o,40.118913591752815
O-2283230Y,35.35038111610909
B-6097000E,30.484726306825856
s-8423183t,67.15797590301494
p16672632d,41.2221886784565
J11698270E,45.73946464266221
G22172959I,31.75989600196661
I21909345v,34.33189266197954
m13540768n,45.81546293019325
N-2047707A,48.67291335789518
q15473703P,31.84115167654697
b28091206k,32.3228535367535
d-2060227V,44.855945894157145
D23788223O,39.98352866663831
k-1947529W,59.290037602606965
b-9715554C,39.396536663475864
q-5271670J,47.63558334543107
u12970971g,42.83353211388814
n-6059768d,56.174342130316354
L22185348p,43.16112620942884
O13331241u,40.67223181288366
L16141312N,32.4032546539574
W38697890A,29.90914581573158
u-2120761B,49.66564977359812
c66464279D,70.14952462144244
e13156563s,39.35618123286934
T42238184L,50.08002427682218
D-1336442P,34.810408431560646
E-5337479S,43.45350595910885
X95516419Q,30.145239996327263
H-2355000g,31.25900242730011
s-5301854b,72.25947771468472
u-2940182P,34.697407760859846
G-9079594w,42.82738682120467
Z20606311h,40.043142708474505
t-6922750L,44.41724451712245
Q21391218q,32.507134229496685
u12977186v,65.47809105813171
h13802624r,44.27118215725788
I-1538597J,39.84439823524645
X11025811v,37.7372329680728
S-2294339s,71.9532259682426
g13118176m,46.41000793818215
S21991071M,70.82314190802467
L10129399Y,67.96143848133127
Z13161380J,32.2827046522158
J-6052671x,42.22768937751036
e11908473n,43.251242723382525
U-1131662Q,35.150762149355565
h54754410l,30.31822370953666
w68053735H,59.207506948265745
A31292617m,59.89279977827825
V45384349q,45.18694657341082
k-1087627k,30.14318214495676
Q-1888317Y,39.36189965211204
Q-1456372K,35.896963346081755
S19572879o,29.861761375246573
j13287780b,33.11507733053967
X-1427883w,42.89743767818033
t12980699M,34.88524750762203
K-9081250O,31.642962160456587
N96928373A,56.28306545714262
r19349335d,73.32600329066614
D22898421E,37.03254961017389
A-7650056Z,37.99869485137076
B-1572757V,33.96641645456066
D11212854M,32.675612567376305
H62136397R,45.964574318412666
n16749457W,30.895269257253325
c-1411220k,29.258954114005753
g-8950344h,52.152885054679565
g28465883Y,28.29605264564652
O-3470382z,42.94604236038748
C-7657933N,44.954993638058035
n-7904705X,33.90531805553688
E-2002668A,45.562651069062376
E15401424s,53.33431163207429
Q-1558145Z,72.64149326497055
j-1474542d,37.47216581231169
J51767292L,45.24962404117617
M-1609284U,37.42539652018913
O32025767k,53.21431872671461
G-4998152Q,30.87403479970463
d-8684879I,48.212488276851865
c11762411c,33.06578274094069
T61957630q,47.06167370117761
e-1246632H,33.59657252348588
a96529450S,40.96079719587175
m-1300432a,33.64806369771049
H-1232380o,54.18002917150832
U18643336W,46.48383847762853
E42133174Y,45.153960875458964
N-2173692X,42.793834032801165
O15299283X,34.81752324139988
Y11513708Q,41.9073729128823
I14426935X,30.093430528523378
L-1576450f,32.84145880197661
L-2066997I,42.5284225567321
g20198311v,48.28132982122462
K-1750463c,33.00817118471402
A48818516t,33.389320105707654
b12102660G,75.47724228594215
C-1721101w,71.05946097759886
L21617225g,46.498298788866514
y18690561q,32.33621789146996
Z-2044688T,45.99522224950655
w-3300489y,56.10003962187149
o43682483i,44.980318934945956
p-2177230P,48.936728176748595
d53962651M,49.48555556733122
h-1079130a,47.043867594071926
d-1063018h,45.381743692992096
e12616376T,58.17326939965781
g-1997866b,43.26197415216863
p22351271i,48.87349453686121
s18801959g,51.985214785356604
W-1146682H,48.20557124717239
Y21010106g,32.17981087217867
N-1493098E,51.98112776183404
a16757494v,41.85589973673812
L31333870v,40.84675720595779
O-1116026m,33.44050943360898
a-1327017v,75.5763901072447
J32481265i,30.112606633404855
u-7465003y,45.93446559213443
C-8282660x,73.74125064498833
z-1194508g,41.29346717225105
M17131119X,37.176224099037164
A16430015I,40.96258254594388
T21560454W,45.8575955033268
d-5044364D,33.12217441184927
A-4567027H,33.21450838947181
l14731037p,33.447050146073714
j21216284z,32.59154345242436
w18663416B,46.846719134342514
N-1067764s,46.98397632725934
a96316507d,44.86086693757088
Q-2863519f,43.86330617988817
R-4412745F,67.91850727294832
w-2100178z,44.458689683599665
N12140841u,50.8468163516654
v-2217035r,42.311315339249965
j22675199u,30.64226600408009
Y-2060323c,38.718211883644145
H-9946877t,45.9967102283969
V24408620j,54.81732215054426
D20994817l,30.37100468392125
d-5916656a,45.73395275159877
r-1888435Q,46.71804164379953
s-8011046y,54.86582960243621
l-8338225N,37.21915165674524
N17651234L,60.40167104951641
t-1660621F,34.1827715041706
A-4300243z,31.284842512057523
Q-1531120K,74.35716927383078
b14483061v,31.666860822110557
p13496102g,40.88461920878757
f-3084055k,46.48732485521018
b-7106735g,39.98823993192663
B-5818398M,50.90836161546323
k-6134216L,51.62131675167398
q-8983496T,33.096448487675296
c21152319h,30.760827194829325
u22537189s,46.641861507371644
S42898575W,35.41814697878112
u-2592615u,46.329414908157744
U15973213W,37.04551039390052
a-1555492o,33.20674044363105
T17948597q,51.68978113704212
K-1596430s,52.78107803216117
t70806905i,52.93361745111445
Q-8927952V,39.886134217833856
b-1699417D,33.499305612211025
l-1528999M,42.28184776304358
i-1075099j,41.97203543308539
g-1203735u,50.80908562758534
N68342352J,55.3647521330758
t19684834s,72.62897608628656
P28960538x,31.85660266634438
k70721764Z,43.92810116230183
P35164993z,68.20016777569779
v-1084231t,43.266807351256844
P62164543W,38.99449670015342
V-1603027E,67.92906365470355
r-3939023a,38.84939022361693
D-1008484E,36.28403960811849
Q-2192864t,32.190610593267905
m97152459x,45.21291961531784
n79502261g,78.82992332074073
I-1934004o,45.85849554529588
w-8712305w,61.19505600267834
t19569988O,49.14055366988566
w-6743502g,55.01301222590889
e17224457A,33.27415770539498
N25093826z,42.32649914793647
k53344668C,33.00161137566633
c18837598f,34.17863659702907
o55235221X,30.115815745028925
x83440968Q,41.44884666991697
a-2129214S,39.52389277807376
O16337155M,44.853979019774826
o-1780770o,43.69377223425646
O-1008421H,51.94282572732646
a33313854t,31.847517950819473
M45840955U,60.036699508032086
q22701640I,45.498134893128025
J-2186173q,41.154341603908826
T-9875021z,56.061569106887234
B16049866X,41.6109758463173
i19613288g,52.80645898181422
P52156891U,44.73604827154061
q-1768505B,49.61301396856345
D-1867285e,37.79327796914752
l-2092770w,39.39292318189048
Z15287780R,52.32342407539074
O18471034K,54.137312595587076
p20324322c,45.661336577603585
p-8776685b,51.846455264151004
A12568692Y,34.29877904073404
G62487539y,32.57487593719699
y-7520188c,46.75373474687993
U-3855489z,39.99623649404725
j47796305l,32.59740970480773
S-6466908z,46.25814803918479
Z-2472770a,34.79100547328516
B72054123K,31.203255236178865
P63973841b,32.831364280668225
u95341442h,33.12009106372754
z-5617263I,49.216543839784514
s-1440522g,35.527019484234884
w-1350890O,52.397002762377085
b-1785569X,33.676332239613515
N17581389s,61.11958114633036
Z-6866329f,39.44018586582752
a15357539b,43.65762799512869
y-1168665M,30.739569986116955
X-1688379x,42.14600667039446
Z73577393A,72.9116801556346
r-1140095D,47.995102022597344
k17692433t,34.365916204916175
a-2924229p,39.52721685216115
I19994305a,52.8737704380704
R16189354h,43.22255884843837
f61508634I,30.656459161802232
S56454866u,55.46580300282243
u-2542978x,41.2023142802374
p36642359W,33.5980631974187
z22596029p,66.8409644244441
j13578702a,42.558439283580334
m41690051B,32.499707347080594
C-1990447o,62.68809870077436
f17350995b,47.25473338116319
A13722291q,57.726792476588486
c-8926473m,34.173303073967126
R-1161362E,71.94570503480911
E-1829228V,45.327134083995
f-1106666p,45.12911493511608
B-1345652W,32.00986899191626
e-3819053E,52.130013422244694
H12470081t,72.30377964575536
Y-2395041a,35.217046231070924
m-6830168g,52.07720561363013
n-1048550o,41.955611957546466
p-4620845q,31.59140060977834
z-1908457z,71.48365593321978
r11798594T,32.11799345696291
n-1078109P,34.825639785170516
g21697086z,31.77703199368691
i-3020701S,46.12773112647319
B51449710T,41.18266203593273
G17715538Y,34.41092738979651
d85134463X,32.674857153732795
M-5383474I,44.150981182561466
u79799419P,44.3079939592444
h20236568A,71.31600389157379
Q-1319605b,32.56411278489672
d-1613102p,38.09429172789865
S41123157J,32.09719161224049
x-1174319N,40.85515595075647
V-1073406u,45.392484531862145
V21379614l,49.55570924131162
z-3747302L,45.94542693813605
y-2605432W,37.371654439509314
g21854185N,32.87684597200336
E98324062j,46.86405243493597
Y97110971P,73.49506223826921
X-3262812p,40.5601508597381
H-1041344f,37.42083255301389
c96102825T,34.93292331016141
F-8514150E,70.67804073350445
n14484446O,42.213776957827264
H72378904z,32.114542830006876
U22558213g,32.742171024878786
e-1228757n,46.19240137292958
L-5297416Y,44.4540700518484
j-1143057h,31.47888912391624
p-1573015A,31.191348496834863
U65662686c,32.687123713336945
S-4820484y,31.958843818313177
g-8761468w,64.50986201523443
Q-6145494U,34.358477056679284
W10708735F,33.55656143712223
p17325319H,61.738621577914344
F-1510394i,74.0463338694334
C58608888l,39.130080623631486
d-2253716j,39.62704473198194
x16453445a,72.55869183733793
I66859230r,31.398352706023267
P64817824s,78.83488323402538
g-1168593W,59.4294457084739
K22750834U,67.65031720657299
I-1242074u,55.44292984773394
F-3351081U,31.231600210130154
F19447831G,32.97063402694202
s-1689007T,32.88715517003719
k10152000a,41.290245336204634
H12617664T,40.647459344723316
t-1064471J,32.936297214263824
t-2197360k,45.271690271006776
d-2120346e,33.79026144758713
O-1642949k,30.252998515667343
Q53125922U,31.935386110843723
b-1461155F,39.9136179282404
Q39818857Y,33.915413650925544
r62935175h,32.44885786952021
W-6196754y,70.7301171072777
g28641563H,75.62433626062655
j11454423o,45.474489902131744
F-1666827W,55.33810979725871
A21999620z,48.31674172669902
c75592211G,61.11983281232443
L-1701832m,74.87942995279802
k18648690J,32.49980089077948
h-1998519z,40.15380018236614
U-6212557F,46.41901857765618
e-2299648Q,61.14973997506346
s-1139976I,43.77008229527483
K-8425830Q,32.00565909159614
d22617101F,37.03298218266978
D17905231R,68.07172051865554
u13437959M,51.919827551389886
Z-9946732U,56.284285825655964
K-1500884y,32.08450670076729
c-1794298L,68.60917522353462
M15430763y,43.662460523998035
p-1264204Z,43.131130112419264
U38299579G,32.916112939052596
c56523775V,32.266217930381735
T38194151F,35.88160752589914
m-3164602H,33.93277961256778
n-1234064Z,39.42661162274806
J-1156067J,35.173616891227155
f-6526492s,77.8211524839105
l20269048F,34.9110616655298
B98720158A,45.762203649661
C-1753458i,33.91933240370309
x21906434L,50.152829948961326
i13542684X,46.953620704190456
u-1875498r,46.263481257611424
X-1879171y,33.44861362292904
t21801419s,47.77364526015849
L21647080y,34.58108653591977
h-5026863d,90.38501740621894
T-3466939S,46.457826094854546
m12662735d,34.51739355101064
t14261623o,43.630224517392485
n-2837743g,45.08183887317228
e-2154304r,34.63459309952201
N-2215366J,33.618570522377844
g-1249815S,52.248594692930126
W-1215684E,35.28612901942331
A11461567u,43.95820361214564
L16034991d,61.432857151177984
L-2243568g,73.4658155685498
U11614816e,47.69200784216537
h-1908691k,48.69391148438295
S-1588766I,37.694127089943436
i-2841469F,41.06407522194123
W12646665I,35.24036513397935
P-2897916I,48.28689340714278
q-1324803Z,44.17035640688531
A-6570552N,30.50228861617596
k-1985555z,30.672039500323223
k13077603E,43.677478014965885
H11107062P,34.00704054890494
u-1297698j,46.47641726632053
R23868498r,45.61553874469356
N-1923238g,41.86933874663458
j-5320438l,33.32229961830814
M-2097633r,76.44344098737643
U52942046Z,29.450231013329883
h17001071q,53.791754265348544
R-1401948E,48.085676374566596
a-1738562d,33.767528673350085
R99178335S,32.51892287222206
t19157053h,35.48121898887958
m14758475e,45.145030192355016
B47711748K,47.44677907592414
t21884438y,37.722877843827135
V-2454314m,72.72957007314464
Z16920973J,33.931887961615665
b13641719v,49.941122286232755
X13092819Q,57.033509742750596
r14567820H,40.07468392980397
a-1296325M,44.55542860671209
v-1923353f,45.46509604697959
P75675086P,33.7680914582713
H-2270745P,39.97971120448116
f-1963567i,52.62968938519793
C19974180h,61.70820200276114
N39559408S,28.753819089566647
P-2227204H,39.96796527699916
P13046593R,40.57740582876565
k72805610d,36.880726215048014
N62378224U,43.831714704900634
j-1956405K,76.48970316491997
Q-1492285k,59.00175596938757
Q11700844e,56.8604941556213
E-3042252G,60.08662231928683
q-1872858i,78.36497863443044
h-1344515n,47.160231278021676
O-1383891v,38.57867759065097
X64881130C,33.26633682316774
U19015371f,47.32630496600943
R69641219y,53.8478372146146
M25907433E,32.582354141485
e-1885009l,61.189750526142944
l-1959164P,43.70129961443296
M-9949056v,32.62383342101646
d-1302572o,56.7000016919486
f22323125D,45.065981036339714
d10736354y,37.67134609140469
w-3928877y,45.81739563782648
y13551852I,30.78091739103797
p-6352560b,31.487015485698286
i11460685H,32.53712327849594
r44913393N,34.96489927529805
S11426971O,32.06810145952214
S-4753227p,39.80527675821987
Z-9466103x,56.081661028441346
b86382646t,44.592096498585626
T-2294411h,39.80963661402646
f13646346O,31.53754507836708
k12390619M,33.381178881267736
p14822094P,31.71931312996852
y-1267351r,31.63257273073352
r10427446Y,32.17618941441328
Z21148829c,36.5333809280969
w15143755c,59.42262862649736
s12154911r,32.721621468874325
y76872086H,53.29172691367197
p15590759i,42.19166040555492
z-5067315t,47.688273737465295
H-1836769I,31.976670284853427
f-1042769Z,49.93983017786091
f16491132W,40.373992876465735
P21644134e,49.00678259128268
o67669876a,49.5773207037343
h-1414900L,48.06134269507557
i90456198D,46.30276223543228
B-2199737O,54.43108211257738
s-5157124G,65.09176288365043
q20798329k,48.219509978526716
b-6366825A,34.47534525368799
o16666830b,42.65773731410452
H-2456490y,32.77772382275121
p17190552s,32.15460974221071
P22575706L,40.94859760917615
W19937723D,46.41863874905465
p-2060516y,34.76285800602916
x13966371T,43.76047485367397
q53435481a,30.99950506178999
Q-9617805F,52.06008156076943
N59793228F,39.20070965794392
M52666824i,46.02810610423429
T-1009246T,32.04135482467072
f11409987C,50.101291660401095
z-7198780T,32.30374036026943
k-7951300Y,30.97852864933314
J19069143E,45.97147648874388
b-1597167C,45.53784812379391
O-6623929C,34.4518317477371
F14674957T,42.70654388282074
t82296586k,39.96262848509696
Z20453566w,43.337867436320685
J82279855E,36.841325068465224
n-2242535p,37.16337592316578
V-1226312R,33.27032037631838
v-7763664j,30.859867980303406
h-1179139J,31.771643329559904
x13640960Q,53.86095532254374
Z-2276652N,45.32894777963768
F-2165841B,33.72792370776533
x-1331529J,44.05799488070354
J-2127749D,48.27142532457237
